<?xml version="1.0" encoding="UTF-8"?>
<project-private xmlns="http://www.netbeans.org/ns/project-private/1">
    <editor-bookmarks xmlns="http://www.netbeans.org/ns/editor-bookmarks/2" lastBookmarkId="0"/>
    <open-files xmlns="http://www.netbeans.org/ns/projectui-open-files/2">
        <group>
            <file>file:/C:/Users/Admin/Documents/ChuyenNganh/CN3/LAB211/Project2/LAB211_Project2/src/Controller/Program.java</file>
            <file>file:/C:/Users/Admin/Documents/ChuyenNganh/CN3/LAB211/Project2/LAB211_Project2/src/output/Self-grading.csv</file>
            <file>file:/C:/Users/Admin/Documents/ChuyenNganh/CN3/LAB211/Project2/LAB211_Project2/src/model/Product.java</file>
            <file>file:/C:/Users/Admin/Documents/ChuyenNganh/CN3/LAB211/Project2/LAB211_Project2/src/output/Product.dat</file>
            <file>file:/C:/Users/Admin/Documents/ChuyenNganh/CN3/LAB211/Project2/LAB211_Project2/src/model/ProductList.java</file>
        </group>
    </open-files>
</project-private>
